yago,http://dbpedia.org/class/yago/
rdf,http://www.w3.org/1999/02/22-rdf-syntax-ns#
foaf,http://xmlns.com/foaf/0.1/
dbp,http://dbpedia.org/property/
owl,http://www.w3.org/2002/07/owl#
dc,http://purl.org/dc/elements/1.1/
dbo,http://dbpedia.org/ontology/
rdfs,http://www.w3.org/2000/01/rdf-schema#
sc,http://umbel.org/umbel/sc/
rss,http://purl.org/rss/1.0/
fb,http://rdf.freebase.com/ns/
geonames,http://www.geonames.org/ontology#
skos,http://www.w3.org/2004/02/skos/core#
geo,http://www.w3.org/2003/01/geo/wgs84_pos#
cyc,http://sw.opencyc.org/concept/
sioc,http://rdfs.org/sioc/ns#
akt,http://www.aktors.org/ontology/portal#
dbpedia,http://dbpedia.org/resource/
admin,http://webns.net/mvcb/
gr,http://purl.org/goodrelations/v1#
xsd,http://www.w3.org/2001/XMLSchema#
swrc,http://swrc.ontoware.org/ontology#
xhtml,http://www.w3.org/1999/xhtml/vocab#
doap,http://usefulinc.com/ns/doap#
vcard,http://www.w3.org/2006/vcard/ns#
commerce,http://search.yahoo.com/searchmonkey/commerce/
dcterms,http://purl.org/dc/terms/
content,http://purl.org/rss/1.0/modules/content/
bill,http://www.rdfabout.com/rdf/schema/usbill/
wot,http://xmlns.com/wot/0.1/
mo,http://purl.org/ontology/mo/
void,http://rdfs.org/ns/void#
gen,http://www.w3.org/2006/gen/ont#
wn20schema,http://www.w3.org/2006/03/wn/wn20/schema/
d2rq,http://www.wiwiss.fu-berlin.de/suhl/bizer/D2RQ/0.1#
org,http://www.w3.org/ns/org#
nie,http://www.semanticdesktop.org/ontologies/2007/01/19/nie#
test2,http://this.invalid/test2#
ex,http://example.com/
rel,http://purl.org/vocab/relationship/
http,http://www.w3.org/2006/http#
movie,http://data.linkedmdb.org/resource/movie/
bio,http://purl.org/vocab/bio/0.1/
reco,http://purl.org/reco#
dcmit,http://purl.org/dc/dcmitype/
cc,http://creativecommons.org/ns#
og,http://opengraphprotocol.org/schema/
earl,http://www.w3.org/ns/earl#
media,http://purl.org/media#
xfn,http://vocab.sindice.com/xfn#
air,http://dig.csail.mit.edu/TAMI/2007/amord/air#
factbook,http://www4.wiwiss.fu-berlin.de/factbook/ns#
ical,http://www.w3.org/2002/12/cal/ical#
qb,http://purl.org/linked-data/cube#
vann,http://purl.org/vocab/vann/
rev,http://purl.org/stuff/rev#
bibo,http://purl.org/ontology/bibo/
cv,http://rdfs.org/resume-rdf/
days,http://ontologi.es/days#
dir,http://schemas.talis.com/2005/dir/schema#
tag,http://www.holygoat.co.uk/owl/redwood/0.1/tags/
aiiso,http://purl.org/vocab/aiiso/schema#
botany,http://purl.org/NET/biol/botany#
book,http://purl.org/NET/book/vocab#
swc,http://data.semanticweb.org/ns/swc/ontology#
nfo,http://www.semanticdesktop.org/ontologies/2007/03/22/nfo#
osag,http://www.ordnancesurvey.co.uk/ontology/AdministrativeGeography/v2.0/AdministrativeGeography.rdf#
ac,http://umbel.org/umbel/ac/
afn,http://jena.hpl.hp.com/ARQ/function#
drugbank,http://www4.wiwiss.fu-berlin.de/drugbank/resource/drugbank/
xf,http://www.w3.org/2002/xforms/
owlim,http://www.ontotext.com/trree/owlim#
musim,http://purl.org/ontology/similarity/
cfp,http://sw.deri.org/2005/08/conf/cfp.owl#
sism,http://purl.oclc.org/NET/sism/0.1/
fn,http://www.w3.org/2005/xpath-functions#
cs,http://purl.org/vocab/changeset/schema#
cld,http://purl.org/cld/terms/
ad,http://schemas.talis.com/2005/address/schema#
dv,http://rdf.data-vocabulary.org/#
mu,http://www.kanzaki.com/ns/music#
event,http://purl.org/NET/c4dm/event.owl#
biblio,http://purl.org/net/biblio#
sd,http://www.w3.org/ns/sparql-service-description#
dcn,http://www.w3.org/2007/uwa/context/deliverycontext.owl#
log,http://www.w3.org/2000/10/swap/log#
rdfg,http://www.w3.org/2004/03/trix/rdfg-1/
ome,http://purl.org/ontomedia/core/expression#
co,http://purl.org/ontology/co/core#
memo,http://ontologies.smile.deri.ie/2009/02/27/memo#
af,http://purl.org/ontology/af/
cmp,http://www.ontologydesignpatterns.org/cp/owl/componency.owl#
ir,http://www.ontologydesignpatterns.org/cp/owl/informationrealization.owl#
ok,http://okkam.org/terms#
swanq,http://purl.org/swan/1.2/qualifiers/
ctag,http://commontag.org/ns#
rif,http://www.w3.org/2007/rif#
giving,http://ontologi.es/giving#
lomvoc,http://ltsc.ieee.org/rdf/lomv1p0/vocabulary#
swande,http://purl.org/swan/1.2/discourse-elements/
daia,http://purl.org/ontology/daia/
math,http://www.w3.org/2000/10/swap/math#
po,http://purl.org/ontology/po/
akts,http://www.aktors.org/ontology/support#
sr,http://www.openrdf.org/config/repository/sail#
jdbc,http://d2rq.org/terms/jdbc/
uniprot,http://purl.uniprot.org/core/
myspace,http://purl.org/ontology/myspace#
tzont,http://www.w3.org/2006/timezone#
sioct,http://rdfs.org/sioc/types#
sider,http://www4.wiwiss.fu-berlin.de/sider/resource/sider/
daml,http://www.daml.org/2001/03/daml+oil#
wo,http://purl.org/ontology/wo/
politico,http://www.rdfabout.com/rdf/schema/politico/
usgov,http://www.rdfabout.com/rdf/schema/usgovt/
pmlj,http://inference-web.org/2.0/pml-justification.owl#
lfm,http://purl.org/ontology/last-fm/
vote,http://www.rdfabout.com/rdf/schema/vote/
con,http://www.w3.org/2000/10/swap/pim/contact#
frbr,http://purl.org/vocab/frbr/core#
taxo,http://purl.org/rss/1.0/modules/taxonomy/
doac,http://ramonantonio.net/doac/0.1/#
wn,http://xmlns.com/wordnet/1.6/
affy,http://www.affymetrix.com/community/publications/affymetrix/tmsplice#
prv,http://purl.org/net/provenance/ns#
scot,http://scot-project.org/scot/ns#
rsa,http://www.w3.org/ns/auth/rsa#
scovo,http://purl.org/NET/scovo#
irrl,http://www.ontologydesignpatterns.org/cp/owl/informationobjectsandrepresentationlanguages.owl#
ov,http://open.vocab.org/terms/
cert,http://www.w3.org/ns/auth/cert#
omt,http://purl.org/ontomedia/ext/common/trait#
lgd,http://linkedgeodata.org/ontology/
lode,http://linkedevents.org/ontology/
wordmap,http://purl.org/net/ns/wordmap#
nco,http://www.semanticdesktop.org/ontologies/2007/03/22/nco#
ti,http://www.ontologydesignpatterns.org/cp/owl/timeinterval.owl#
nao,http://www.semanticdesktop.org/ontologies/2007/08/15/nao#
rep,http://www.openrdf.org/config/repository#
user,http://schemas.talis.com/2005/user/schema#
ore,http://www.openarchives.org/ore/terms/
es,http://eulersharp.sourceforge.net/2003/03swap/log-rules#
money,http://purl.org/net/rdf-money/
zoology,http://purl.org/NET/biol/zoology#
sede,http://eventography.org/sede/0.1/
abc,http://www.metadata.net/harmony/ABCSchemaV5Commented.rdf#
omp,http://purl.org/ontomedia/ext/common/profession#
coref,http://www.rkbexplorer.com/ontologies/coref#
spc,http://purl.org/ontomedia/core/space#
fec,http://www.rdfabout.com/rdf/schema/usfec/
omb,http://purl.org/ontomedia/ext/common/being#
unit,http://qudt.org/vocab/unit#
lx,http://purl.org/NET/lx#
code,http://telegraphis.net/ontology/measurement/code#
spin,http://spinrdf.org/spin#
swrl,http://www.w3.org/2003/11/swrl#
ecs,http://rdf.ecs.soton.ac.uk/ontology/ecs#
eztag,http://ontologies.ezweb.morfeo-project.org/eztag/ns#
omc,http://purl.org/ontomedia/ext/common/bestiary#
lang,http://ontologi.es/lang/core#
sv,http://schemas.talis.com/2005/service/schema#
os,http://www.w3.org/2000/10/swap/os#
swrlb,http://www.w3.org/2003/11/swrlb#
doc,http://www.w3.org/2000/10/swap/pim/doc#
atomix,http://buzzword.org.uk/rdf/atomix#
ne,http://umbel.org/umbel/ne/
java,http://www.w3.org/2007/uwa/context/java.owl#
hard,http://www.w3.org/2007/uwa/context/hardware.owl#
vs,http://www.w3.org/2003/06/sw-vocab-status/ns#
airport,http://www.daml.org/2001/10/html/airport-ont#
kwijibo,http://kwijibo.talis.com/
ibis,http://purl.org/ibis#
rei,http://www.w3.org/2004/06/rei#
nrl,http://www.semanticdesktop.org/ontologies/2007/08/15/nrl#
acc,http://purl.org/NET/acc#
wnschema,http://www.cogsci.princeton.edu/~wn/schema/
video,http://purl.org/media/video#
imm,http://schemas.microsoft.com/imm/
custom,http://www.openrdf.org/config/sail/custom#
dcam,http://purl.org/dc/dcam/
meta,http://www.openrdf.org/rdf/2009/metadata#
tmo,http://www.semanticdesktop.org/ontologies/2008/05/20/tmo#
protege,http://protege.stanford.edu/system#
powder,http://www.w3.org/2007/05/powder#
irw,http://www.ontologydesignpatterns.org/ont/web/irw.owl#
sit,http://www.ontologydesignpatterns.org/cp/owl/situation.owl#
oauth,http://demiblog.org/vocab/oauth#
acl,http://www.w3.org/ns/auth/acl#
link,http://www.w3.org/2006/link#
p3p,http://www.w3.org/2002/01/p3prdfv1#
chord,http://purl.org/ontology/chord/
sail,http://www.openrdf.org/config/sail#
h5,http://buzzword.org.uk/rdf/h5#
ptr,http://www.w3.org/2009/pointers#
ncal,http://www.semanticdesktop.org/ontologies/2007/04/02/ncal#
acm,http://www.rkbexplorer.com/ontologies/acm#
resex,http://resex.rkbexplorer.com/ontologies/resex#
xhe,http://buzzword.org.uk/rdf/xhtml-elements#
space,http://purl.org/net/schemas/space/
osoc,http://web-semantics.org/ns/opensocial#
mit,http://purl.org/ontology/mo/mit#
lingvoj,http://www.lingvoj.org/ontology#
wdrs,http://www.w3.org/2007/05/powder-s#
prj,http://purl.org/stuff/project/
phss,http://ns.poundhill.com/phss/1.0/
trackback,http://madskills.com/public/xml/rss/module/trackback/
dailymed,http://www4.wiwiss.fu-berlin.de/dailymed/resource/dailymed/
lom,http://ltsc.ieee.org/rdf/lomv1p0/lom#
hlisting,http://sindice.com/hlisting/0.1/
net,http://www.w3.org/2007/uwa/context/network.owl#
fresnel,http://www.w3.org/2004/09/fresnel#
umbel,http://umbel.org/umbel#
common,http://www.w3.org/2007/uwa/context/common.owl#
tdb,http://jena.hpl.hp.com/2008/tdb#
iswc,http://annotation.semanticweb.org/2004/iswc#
tl,http://purl.org/NET/c4dm/timeline.owl#
gold,http://purl.org/linguistics/gold/
swh,http://plugin.org.uk/swh-plugins/
spl,http://spinrdf.org/spl#
sp,http://spinrdf.org/sp#
product,http://purl.org/commerce/product#
nmo,http://www.semanticdesktop.org/ontologies/2007/03/22/nmo#
lotico,http://www.lotico.com/resource/
ya,http://blogs.yandex.ru/schema/foaf/
smiley,http://www.smileyontology.com/ns#
resist,http://www.rkbexplorer.com/ontologies/resist#
time,http://www.w3.org/2006/time#
courseware,http://courseware.rkbexplorer.com/ontologies/courseware#
xen,http://buzzword.org.uk/rdf/xen#
frbre,http://purl.org/vocab/frbr/extended#
skosxl,http://www.w3.org/2008/05/skos-xl#
sdl,http://purl.org/vocab/riro/sdl#
swandr,http://purl.org/swan/1.2/discourse-relationships/
swp,http://www.w3.org/2004/03/trix/swp-2/
soft,http://www.w3.org/2007/uwa/context/software.owl#
wv,http://vocab.org/waiver/terms/
test,http://test2.example.com/
sesame,http://www.openrdf.org/schema/sesame#
sm,http://topbraid.org/sparqlmotion#
nexif,http://www.semanticdesktop.org/ontologies/2007/05/10/nexif#
biol,http://purl.org/NET/biol/ns#
ire,http://www.ontologydesignpatterns.org/cpont/ire.owl#
lt,http://diplomski.nelakolundzija.org/LTontology.rdf#
label,http://purl.org/net/vocab/2004/03/label#
omm,http://purl.org/ontomedia/core/media#
fed,http://www.openrdf.org/config/sail/federation#
music,http://musicontology.com/
lifecycle,http://purl.org/vocab/lifecycle/schema#
web,http://www.w3.org/2007/uwa/context/web.owl#
gpt,http://purl.org/vocab/riro/gpt#
ddc,http://purl.org/NET/decimalised#
loc,http://www.w3.org/2007/uwa/context/location.owl#
dummy,http://hello.com/
atom,http://www.w3.org/2005/Atom/
dcat,http://www.w3.org/ns/dcat#
states,http://www.w3.org/2005/07/aaa#
pmt,http://tipsy.googlecode.com/svn/trunk/vocab/pmt#
lfn,http://www.dotnetrdf.org/leviathan#
moat,http://moat-project.org/ns#
bio2rdf,http://bio2rdf.org/
ddl,http://purl.org/vocab/riro/ddl#
bsbm,http://www4.wiwiss.fu-berlin.de/bizer/bsbm/v01/vocabulary/
sml,http://topbraid.org/sparqlmotionlib#
pr,http://ontologi.es/profiling#
list,http://www.w3.org/2000/10/swap/list#
smf,http://topbraid.org/sparqlmotionfunctions#
resource,http://purl.org/vocab/resourcelist/schema#
pimo,http://www.semanticdesktop.org/ontologies/2007/11/01/pimo#
push,http://www.w3.org/2007/uwa/context/push.owl#
doclist,http://www.junkwork.net/xml/DocumentList#
formats,http://www.w3.org/ns/formats/
audio,http://purl.org/media/audio#
sl,http://www.semanlink.net/2001/00/semanlink-schema#
pmlr,http://inference-web.org/2.0/pml-relation.owl#
exif,http://www.w3.org/2003/12/exif/ns#
uri,http://purl.org/NET/uri#
like,http://ontologi.es/like#
dady,http://purl.org/NET/dady#
xl,http://langegger.at/xlwrap/vocab#
climb,http://climb.dataincubator.org/vocabs/climb/
ping,http://purl.org/net/pingback/
wairole,http://www.w3.org/2005/01/wai-rdf/GUIRoleTaxonomy#
bibtex,http://purl.oclc.org/NET/nknouf/ns/bibtex#
qdoslf,http://foaf.qdos.com/lastfm/schema/
crypto,http://www.w3.org/2000/10/swap/crypto#
conserv,http://conserv.deri.ie/ontology#
play,http://uriplay.org/spec/ontology/#
wisski,http://wiss-ki.eu/
puc,http://purl.org/NET/puc#
am,http://vocab.deri.ie/am#
grddl,http://www.w3.org/2003/g/data-view#
swanpav,http://purl.org/swan/1.2/pav/
obj,http://www.openrdf.org/rdf/2009/object#
opm,http://openprovenance.org/ontology#
mysql,http://web-semantics.org/ns/mysql/
imreg,http://www.w3.org/2004/02/image-regions#
opensearch,http://a9.com/-/spec/opensearch/1.1/
psych,http://purl.org/vocab/psychometric-profile/
osgb,http://data.ordnancesurvey.co.uk/id/
urn,http://fliqz.com/
pmlp,http://inference-web.org/2.0/pml-provenance.owl#
plink,http://buzzword.org.uk/rdf/personal-link-types#
cycann,http://sw.cyc.com/CycAnnotations_v1#
swanco,http://purl.org/swan/1.2/swan-commons/
so,http://purl.org/ontology/symbolic-music/
xesam,http://freedesktop.org/standards/xesam/1.0/core#
rdfa,http://www.w3.org/ns/rdfa#
c4n,http://vocab.deri.ie/c4n#
sysont,http://ns.ontowiki.net/SysOnt/
ttl,http://www.w3.org/2008/turtle#
nid3,http://www.semanticdesktop.org/ontologies/2007/05/10/nid3#
swanag,http://purl.org/swan/1.2/agents/
rec,http://purl.org/ontology/rec/core#
evset,http://dsnotify.org/vocab/eventset/0.1/
geographis,http://telegraphis.net/ontology/geography/geography#
cnt,http://www.w3.org/2008/content#
string,http://www.w3.org/2000/10/swap/string#
oo,http://purl.org/openorg/
xhtmlvocab,http://www.w3.org/1999/xhtml/vocab/
meetup,http://www.lotico.com/meetup/
ldap,http://purl.org/net/ldap/
tripfs,http://purl.org/tripfs/2010/02#
mf,http://poshrdf.org/ns/mf#
coin,http://purl.org/court/def/2009/coin#
swanci,http://purl.org/swan/1.2/citations/
swivt,http://semantic-mediawiki.org/swivt/1.0#
okkam,http://models.okkam.org/ENS-core-vocabulary#
opo,http://online-presence.net/opo/ns#
pto,http://www.productontology.org/id/
oat,http://openlinksw.com/schemas/oat/
rooms,http://vocab.deri.ie/rooms#
oc,http://opencoinage.org/rdf/
bib,http://zeitkunst.org/bibtex/0.1/bibtex.owl#
status,http://ontologi.es/status#
ezcontext,http://ontologies.ezweb.morfeo-project.org/ezcontext/ns#
cco,http://purl.org/ontology/cco/core#
sparql,http://www.openrdf.org/config/repository/sparql#
wlp,http://weblab-project.org/core/model/property/processing/
pmlt,http://inference-web.org/2.0/pml-trust.owl#
swid,http://semanticweb.org/id/
ct,http://data.linkedct.org/resource/linkedct/
txn,http://lod.taxonconcept.org/ontology/txn.owl#
awol,http://bblfish.net/work/atom-owl/2006-06-06/#
evopat,http://ns.aksw.org/Evolution/
ist,http://purl.org/ontology/is/types/
ufmedia,http://purl.org/microformat/hmedia/
anca,http://users.utcluj.ro/~raluca/rdf_ontologies_ralu/ralu_modified_ontology_pizzas2_0#
prot,http://www.proteinontology.info/po.owl#
game,http://data.totl.net/game/
sioca,http://rdfs.org/sioc/actions#
meteo,http://purl.org/ns/meteo#
isq,http://purl.org/ontology/is/quality/
tarot,http://data.totl.net/tarot/card/
aifb,http://www.aifb.kit.edu/id/
pdo,http://ontologies.smile.deri.ie/pdo#
dayta,http://dayta.me/resource#
whois,http://www.kanzaki.com/ns/whois#
sdmx,http://purl.org/linked-data/sdmx#
rulz,http://purl.org/NET/rulz#
isi,http://purl.org/ontology/is/inst/
dnr,http://www.dotnetrdf.org/configuration#
sawsdl,http://www.w3.org/ns/sawsdl#
copyright,http://rhizomik.net/ontologies/2008/05/copyrightonto.owl#
ean,http://openean.kaufkauf.net/id/
remus,http://www.semanticweb.org/ontologies/2010/6/Ontology1279614123500.owl#
xbrli,http://www.xbrl.org/2003/instance#
compass,http://purl.org/net/compass#
yoda,http://purl.org/NET/yoda#
opus,http://lsdis.cs.uga.edu/projects/semdis/opus#
derecho,http://purl.org/derecho#
opmv,http://purl.org/net/opmv/ns#
cos,http://www.inria.fr/acacia/corese#
geoes,http://geo.linkeddata.es/resource/
loticoowl,http://www.lotico.com/ontology/
act,http://www.w3.org/2007/rif-builtin-action#
lark1,http://users.utcluj.ro/~raluca/ontology/Ontology1279614123500.owl#
search,http://sindice.com/vocab/search#
spacerel,http://data.ordnancesurvey.co.uk/ontology/spatialrelations/
is,http://purl.org/ontology/is/core#
olo,http://purl.org/ontology/olo/core#
posh,http://poshrdf.org/ns/posh/
gridworks,http://purl.org/net/opmv/types/gridworks#
hcterms,http://purl.org/uF/hCard/terms/
geospecies,http://rdf.geospecies.org/ont/geospecies#
nt,http://ns.inria.fr/nicetag/2010/09/09/voc#
conv,http://purl.org/twc/vocab/conversion/
ao,http://purl.org/ontology/ao/core#
r2r,http://www4.wiwiss.fu-berlin.de/bizer/r2r/
tripfs2,http://purl.org/tripfs/2010/06#
session,http://redfoot.net/2005/session#
dgfoaf,http://west.uni-koblenz.de/ontologies/2010/07/dgfoaf.owl#
tio,http://purl.org/tio/ns#
com,http://purl.org/commerce#
dblp,http://www4.wiwiss.fu-berlin.de/dblp/terms.rdf#
protons,http://proton.semanticweb.org/2005/04/protons#
cito,http://purl.org/net/cito/
rail,http://ontologi.es/rail/vocab#
postcode,http://data.ordnancesurvey.co.uk/id/postcodeunit/
xtypes,http://purl.org/xtypes/
ma,http://www.w3.org/ns/ma-ont#
countries,http://eulersharp.sourceforge.net/2003/03swap/countries#
toby,http://tobyinkster.co.uk/#
events,http://eulersharp.sourceforge.net/2003/03swap/event#
pbo,http://purl.org/ontology/pbo/core#
lib,http://schemas.talis.com/2005/library/schema#
nsa,http://multimedialab.elis.ugent.be/organon/ontologies/ninsuna#
lp,http://launchpad.net/rdf/launchpad#
w3p,http://prov4j.org/w3p/
bookmark,http://www.w3.org/2002/01/bookmark#
wordnet,http://purl.org/vocabularies/princeton/wordnet/schema#
httph,http://www.w3.org/2007/ont/httph#
rr,http://www.w3.org/ns/r2rml#
sindice,http://vocab.sindice.net/
go,http://www.geneontology.org/go#
units,http://eulersharp.sourceforge.net/2003/03swap/unitsExtension#
dul,http://www.loa-cnr.it/ontologies/DUL.owl#
geodata,http://sws.geonames.org/
organiz,http://eulersharp.sourceforge.net/2003/03swap/organization#
enc,http://www.w3.org/2001/04/xmlenc#
humanbody,http://eulersharp.sourceforge.net/2003/03swap/humanBody#
phil,http://philosurfical.open.ac.uk/ontology/philosurfical.owl/
provenir,http://knoesis.wright.edu/provenir/provenir.owl#
esd,http://def.esd.org.uk/
human,http://eulersharp.sourceforge.net/2003/03swap/human#
drug,http://www.agfa.com/w3c/2009/drugTherapy#
odp,http://ontologydesignpatterns.org/
webtlab,http://webtlab.it.uc3m.es/
linkedmdb,http://data.linkedmdb.org/sparql/
languages,http://eulersharp.sourceforge.net/2003/03swap/languages#
organism,http://eulersharp.sourceforge.net/2003/03swap/organism#
crm,http://purl.org/NET/cidoc-crm/core#
agents,http://eulersharp.sourceforge.net/2003/03swap/agent#
edm,http://www.europeana.eu/schemas/edm/
openlinks,http://www.openlinksw.com/schemas/virtrdf#
genab,http://eulersharp.sourceforge.net/2003/03swap/genomeAbnormality#
pobo,http://purl.obolibrary.org/obo/
pgterms,http://www.gutenberg.org/2009/pgterms/
nndsr,http://semanticdiet.com/schema/usda/nndsr/
lvont,http://lexvo.org/ontology#
nocal,http://vocab.deri.ie/nocal#
bioskos,http://eulersharp.sourceforge.net/2003/03swap/bioSKOSSchemes#
pc,http://purl.org/opendata-cz/public-contracts#
xro,http://www.stalsoft.com/ontologies/xro/ns#
prvr,http://purl.org/ontology/prv/rules#
malignneo,http://www.agfa.com/w3c/2009/malignantNeoplasm#
ps,http://purl.org/payswarm#
healthcare,http://www.agfa.com/w3c/2009/healthCare#
req,http://ns.softwiki.de/req/
muo,http://purl.oclc.org/NET/muo/muo#
quak,http://dev.w3.org/cvsweb/2000/quacken/vocab#
kb,http://deductions.sf.net/ontology/knowledge_base.owl#
opwn,http://www.ontologyportal.org/WordNet.owl#
ass,http://uptheasset.org/ontology#
care,http://eulersharp.sourceforge.net/2003/03swap/care#
cpm,http://catalogus-professorum.org/cpm/
eg,http://eulergui.sourceforge.net/engine.owl#
vso,http://purl.org/vso/ns#
quantities,http://eulersharp.sourceforge.net/2003/03swap/quantitiesExtension#
umbelrc,http://umbel.org/umbel/rc/
zbwext,http://zbw.eu/namespaces/zbw-extensions/
uni,http://purl.org/weso/uni/uni.html#
cordis,http://www4.wiwiss.fu-berlin.de/cordis/resource/cordis/
rnews,http://iptc.org/std/rNews/2011-10-07#
xsl,http://www.w3.org/1999/XSL/Transform#
sport,http://www.bbc.co.uk/ontologies/sport/
pom,http://maven.apache.org/POM/4.0.0#
wai,http://purl.org/wai#
c4o,http://purl.org/spar/c4o/
oboro,http://obofoundry.org/ro/ro.owl#
wao,http://webtlab.it.uc3m.es/2010/10/WebAppsOntology#
agetec,http://www.agetec.org/
span,http://www.ifomis.org/bfo/1.1/span#
lod2,http://lod2.eu/schema/
core,http://vivoweb.org/ontology/core#
hemogram,http://www.agfa.com/w3c/2009/hemogram#
ui,http://www.w3.org/ns/ui#
commons,http://commons.psi.enakting.org/def/
transmed,http://www.w3.org/2001/sw/hcls/ns/transmed/
wf,http://www.w3.org/2005/01/wf/flow#
aair,http://xmlns.notu.be/aair#
fab,http://purl.org/fab/ns#
payment,http://reference.data.gov.uk/def/payment#
admingeo,http://data.ordnancesurvey.co.uk/ontology/admingeo/
clinproc,http://www.agfa.com/w3c/2009/clinicalProcedure#
ccard,http://purl.org/commerce/creditcard#
tei,http://www.tei-c.org/ns/1.0/
infection,http://www.agfa.com/w3c/2009/infectiousDisorder#
hospital,http://www.agfa.com/w3c/2009/hospital#
sig,http://purl.org/signature#
theatre,http://purl.org/theatre#
voaf,http://mondeca.com/foaf/voaf#
sco,http://purl.org/ontology/sco#
disease,http://www.agfa.com/w3c/2009/humanDisorder#
ccom,http://purl.org/ontology/cco/mappings#
prvtypes,http://purl.org/net/provenance/types#
ceo,http://www.ebusiness-unibw.org/ontologies/consumerelectronics/v1#
semtweet,http://semantictweet.com/
dgtwc,http://data-gov.tw.rpi.edu/2009/data-gov-twc.rdf#
clineva,http://www.agfa.com/w3c/2009/clinicalEvaluation#
scowt,http://purl.org/weso/ontologies/scowt#
eat,http://www.awesomesauce.net/urmom/
govwild,http://govwild.org/ontology/GWOntology.owl#
hints2005,http://purl.org/twc/cabig/model/HINTS2005-1.owl#
schema,http://schema.org/
environ,http://eulersharp.sourceforge.net/2003/03swap/environment#
p20,http://zbw.eu/beta/p20/vocab/
spatial,http://geovocab.org/spatial#
aneo,http://akonadi-project.org/ontologies/aneo#
arch,http://purl.org/archival/vocab/arch#
zem,http://s.zemanta.com/ns#
coeus,http://bioinformatics.ua.pt/coeus/
gelo,http://krauthammerlab.med.yale.edu/ontologies/gelo#
res,http://www.w3.org/2005/sparql-results#
skip,http://skipforward.net/skipforward/resource/
out,http://ontologies.hypios.com/out#
vsto,http://escience.rpi.edu/ontology/vsto/2/0/vsto.owl#
dtype,http://www.linkedmodel.org/schema/dtype#
prism,http://prismstandard.org/namespaces/1.2/basic/
sio,http://semanticscience.org/resource/
ro,http://purl.org/obo/owl/ro#
soap,http://www.w3.org/2003/05/soap-envelope/
eco,http://www.ebusiness-unibw.org/ontologies/eclass/5.1.4/#
gml,http://www.opengis.net/gml/
bcnnorms,http://datos.bcn.cl/ontologies/bcn-norms#
rdfdf,http://www.openlinksw.com/virtrdf-data-formats#
olia,http://purl.org/olia/olia.owl#
rv,http://wifo-ravensburg.de/semanticweb.rdf#
voag,http://voag.linkedmodel.org/schema/voag#
rich,http://rdf.data-vocabulary.org/
vaem,http://www.linkedmodel.org/schema/vaem#
gc,http://www.oegov.org/core/owl/gc#
saxon,http://saxon.sf.net/
cpv,http://purl.org/weso/cpv/
owls,http://www.daml.org/services/owl-s/1.2/Service.owl#
campsite,http://www.openlinksw.com/campsites/schema#
ngeo,http://geovocab.org/geometry#
telmap,http://purl.org/telmap/
cmo,http://purl.org/twc/ontologies/cmo.owl#
oboso,http://purl.org/obo/owl/SO#
oper,http://sweet.jpl.nasa.gov/2.0/mathOperation.owl#
s3db,http://www.s3db.org/core#
skiresort,http://www.openlinksw.com/ski_resorts/schema#
steel,http://ontorule-project.eu/resources/steel-30#
ann,http://www.w3.org/2000/10/annotation-ns#
iao,http://purl.obolibrary.org/obo/iao.owl#
edam,http://purl.bioontology.org/ontology/EDAM/
mte,http://nl.ijs.si/ME/owl/
vitro,http://vitro.mannlib.cornell.edu/ns/vitro/public#
mei,http://www.music-encoding.org/ns/mei/
fingal,http://vocab.deri.ie/fingal#
fct,http://openlinksw.com/services/facets/1.0/
shv,http://ns.aksw.org/spatialHierarchy/
prissma,http://ns.inria.fr/prissma/v1#
str,http://nlp2rdf.lod2.eu/schema/string/
wm,http://ns.inria.fr/webmarks#
iron,http://purl.org/ontology/iron#
kw,http://kwantu.net/kw/
nytimes,http://data.nytimes.com/elements/
biocore,http://bio2rdf.org/core:
card,http://www.ashutosh.com/test/
greg,http://kasei.us/about/foaf.xrdf#
rdo,http://purl.org/rdo/ns#
re,http://www.w3.org/2000/10/swap/reason#
mtecore,http://purl.org/olia/mte/multext-east.owl#
diseasome,http://www4.wiwiss.fu-berlin.de/diseasome/resource/diseasome/
eui,http://institutions.publicdata.eu/#
overheid,http://standaarden.overheid.nl/owms/
scsv,http://purl.org/NET/schema-org-csv#
lodac,http://lod.ac/ns/lodac#
teach,http://linkedscience.org/teach/ns#
qudt,http://qudt.org/1.1/schema/qudt#
aapi,http://rdf.alchemyapi.com/rdf/v1/s/aapi-schema#
aims,http://aims.fao.org/aos/common/
coo,http://purl.org/coo/ns#
ms,http://purl.org/obo/owl/MS#
gesis,http://lod.gesis.org/lodpilot/ALLBUS/vocab.rdf#
decl,http://www.linkedmodel.org/1.0/schema/decl#
eye,http://jena.hpl.hp.com/Eyeball#
tmpl,http://purl.org/restdesc/http-template#
telix,http://purl.org/telix#
prog,http://purl.org/prog/
xt,http://purl.org/twc/vocab/cross-topix#
owlse,http://www.daml.org/services/owl-s/1.2/generic/Expression.owl#
dawgt,http://www.w3.org/2001/sw/DataAccess/tests/test-dawg#
gazetteer,http://data.ordnancesurvey.co.uk/ontology/50kGazetteer/
name,http://example.org/name#
sso,http://nlp2rdf.lod2.eu/schema/sso/
prov,http://dvcs.w3.org/hg/prov/raw-file/tip/ontology/ProvenanceOntology.owl#
ppo,http://vocab.deri.ie/ppo#
rdb,http://www.dbs.cs.uni-duesseldorf.de/RDF/relational#
artstor,http://simile.mit.edu/2003/10/ontologies/artstor#
s4ac,http://ns.inria.fr/s4ac/v1#
cvbase,http://purl.org/captsolo/resume-rdf/0.2/base#
vcardx,http://buzzword.org.uk/rdf/vcardx#
biordf,http://purl.org/net/biordfmicroarray/ns#
visko,http://trust.utep.edu/visko/ontology/visko-operator-v3.owl#
ogp,http://ogp.me/ns#
xch,http://oanda2rdf.appspot.com/xch/
rpubl,http://rinfo.lagrummet.se/ns/2008/11/rinfo/publ#
mygrid,http://www.mygrid.org.uk/ontology#
viskov,http://trust.utep.edu/visko/ontology/visko-view-v3.owl#
water,http://escience.rpi.edu/ontology/semanteco/2/0/water.owl#
vdpp,http://data.lirmm.fr/ontologies/vdpp#
psh,http://psh.techlib.cz/skos/
geovocab,http://geovocab.org/
bcngeo,http://datos.bcn.cl/ontologies/bcn-geographics#
place,http://purl.org/ontology/places/
kontakt,http://richard.cyganiak.de/
rdfdata,http://rdf.data-vocabulary.org/rdf.xml#
pns,http://data.press.net/ontology/stuff/
b2rpubchem,http://bio2rdf.org/ns/ns/ns/pubchem#
fabio,http://purl.org/spar/fabio#
harrisons,http://harrisons.cc/
madsrdf,http://www.loc.gov/mads/rdf/v1#
sec,http://purl.org/security#
pois,http://purl.oclc.org/POIS/vcblr#
fc,http://www.freeclass.eu/freeclass_v1#
chebi,http://bio2rdf.org/chebi:
bcnbio,http://datos.bcn.cl/ontologies/bcn-biographies#
govtrackus,http://www.rdfabout.com/rdf/usgov/geo/us/
granatum,http://chem.deri.ie/granatum/
cdm,http://purl.org/twc/ontology/cdm.owl#
georss,http://www.georss.org/georss/
gbv,http://purl.org/ontology/gbv/
dbptmpl,http://dbpedia.org/resource/Template:
frir,http://purl.org/twc/ontology/frir.owl#
cbase,http://ontologycentral.com/2010/05/cb/vocab#
blt,http://data.bl.uk/schema/bibliographic#
osukdt,http://www.ordnancesurvey.co.uk/ontology/Datatypes.owl#
bcncon,http://datos.bcn.cl/ontologies/bcn-congress#
s2s,http://escience.rpi.edu/ontology/sesf/s2s/2/0/
dwc,http://rs.tdwg.org/dwc/terms/
sdmxdim,http://purl.org/linked-data/sdmx/2009/dimension#
xlink,http://www.w3.org/1999/xlink/
gnd,http://d-nb.info/gnd/
rdacarrier,http://rdvocab.info/termList/RDACarrierType/
tblcard,http://www.w3.org/People/Berners-Lee/card#
wsc,http://www.openk.org/wscaim.owl#
vsw,http://verticalsearchworks.com/ontology/
htir,http://www.w3.org/2011/http#
vvo,http://purl.org/vvo/ns#
prf,http://www.openmobilealliance.org/tech/profiles/UAPROF/ccppschema-20021212#
infosys,http://www.infosys.com/
nuts,http://nuts.psi.enakting.org/id/BE335/doc/
rdamedia,http://rdvocab.info/termList/RDAMediaType/
puelia,http://kwijibo.talis.com/vocabs/puelia#
rdacontent,http://rdvocab.info/termList/RDAContentType/
omapi,http://purl.org/omapi/0.2/#
daiaserv,http://purl.org/ontology/daia/service/
muto,http://purl.org/muto/core#
webbox,http://webbox.ecs.soton.ac.uk/ns#
calli,http://callimachusproject.org/rdf/2009/framework#
voidp,http://www.enakting.org/provenance/voidp/
eunis,http://eunis.eea.europa.eu/rdf/species-schema.rdf#
swpatho,http://swpatho.ag-nbi.de/context/meta.owl#
